customer_id,recency,frequency,monetary,avg_order_value,total_quantity,unique_categories,avg_discount,last_order_date,clv_score,cluster,segment
CUST0001,154,2,36914.38,18457.19,3.0,1,0.095,2024-07-31,8030.84,3,Lost / Dormant
CUST0002,79,8,337695.61,42211.95125,32.0,5,0.265,2024-10-14,168847.8,0,Champions
CUST0003,13,4,248833.91,62208.4775,11.0,3,0.2375,2024-12-19,147886.01,2,At-Risk
CUST0004,82,5,315248.02999999997,63049.60599999999,12.0,3,0.154,2024-10-11,127481.83,2,At-Risk
CUST0005,140,2,97528.44,48764.22,3.0,2,0.215,2024-08-14,21620.19,3,Lost / Dormant
CUST0006,164,1,66076.49,66076.49,2.0,1,0.33,2024-07-21,8959.48,3,Lost / Dormant
CUST0007,67,5,340542.36,68108.472,15.0,4,0.164,2024-10-26,144108.33,0,Champions
CUST0008,144,4,432633.52999999997,108158.38249999999,14.0,3,0.2275,2024-08-10,139717.45,1,Loyal Customers
CUST0009,213,2,228663.15000000002,114331.57500000001,8.0,1,0.185,2024-06-02,46775.1,1,Loyal Customers
CUST0010,7,3,174035.58000000002,58011.86000000001,6.0,2,0.27666666666666667,2024-12-25,109804.23,2,At-Risk
CUST0011,126,3,338138.46,112712.82,9.0,3,0.3566666666666667,2024-08-28,96610.99,1,Loyal Customers
CUST0012,215,2,69601.78,34800.89,6.0,2,0.14500000000000002,2024-05-31,14213.17,3,Lost / Dormant
CUST0013,38,3,148678.53,49559.51,9.0,3,0.16333333333333333,2024-11-24,55873.93,2,At-Risk
CUST0014,36,2,171710.24,85855.12,6.0,2,0.275,2024-11-26,51859.38,2,At-Risk
CUST0015,144,5,108175.61,21635.122,11.0,4,0.20800000000000002,2024-08-10,38892.45,2,At-Risk
CUST0017,104,3,382681.31,127560.43666666666,15.0,3,0.14333333333333334,2024-09-19,113759.17,1,Loyal Customers
CUST0018,44,5,172665.2,34533.04,10.0,4,0.10600000000000001,2024-11-18,80805.3,2,At-Risk
CUST0019,14,2,149897.69,74948.845,5.0,2,0.235,2024-12-18,59395.55,2,At-Risk
CUST0020,131,3,231943.43,77314.47666666667,9.0,3,0.2733333333333334,2024-08-23,65750.29,1,Loyal Customers
CUST0021,56,3,513950.89,171316.96333333335,11.0,3,0.11333333333333334,2024-11-06,175470.32,1,Loyal Customers
CUST0022,156,4,302569.13,75642.2825,12.0,3,0.2075,2024-07-29,96189.05,1,Loyal Customers
CUST0023,115,2,105844.33,52922.165,6.0,2,0.27,2024-09-08,24417.81,2,At-Risk
CUST0024,8,1,21061.9,21061.9,1.0,1,0.14,2024-12-24,6340.26,2,At-Risk
CUST0025,318,1,49697.38,49697.38,2.0,1,0.34,2024-02-18,5971.86,3,Lost / Dormant
CUST0026,48,3,367294.59,122431.53000000001,12.0,2,0.15666666666666665,2024-11-14,130157.32,1,Loyal Customers
CUST0027,35,6,278709.55,46451.59166666667,13.0,5,0.05333333333333334,2024-11-27,150195.53,0,Champions
CUST0028,31,4,126028.83,31507.2075,9.0,3,0.2525,2024-12-01,58010.91,2,At-Risk
CUST0029,6,4,237566.6,59391.65,10.0,3,0.1475,2024-12-26,183870.85,2,At-Risk
CUST0030,52,4,134169.69,33542.4225,10.0,3,0.26,2024-11-10,54133.53,2,At-Risk
CUST0031,58,3,181162.07,60387.35666666667,8.0,3,0.23666666666666666,2024-11-04,61339.23,2,At-Risk
CUST0032,47,4,199678.22,49919.555,10.0,3,0.18,2024-11-15,82575.68,2,At-Risk
CUST0033,200,3,174067.6,58022.53333333333,9.0,3,0.19333333333333336,2024-06-15,45459.07,3,Lost / Dormant
CUST0034,193,2,64328.43000000001,32164.215000000004,6.0,2,0.25,2024-06-22,13402.62,3,Lost / Dormant
CUST0035,10,6,292148.8,48691.46666666667,17.0,4,0.245,2024-12-22,228779.34,0,Champions
CUST0036,58,6,91905.59,15317.598333333333,16.0,5,0.27666666666666667,2024-11-04,43679.77,2,At-Risk
CUST0037,42,4,205466.1,51366.525,10.0,4,0.2375,2024-11-20,87385.93,2,At-Risk
CUST0038,43,3,304711.84,101570.61333333334,13.0,3,0.20333333333333337,2024-11-19,110968.68,1,Loyal Customers
CUST0039,40,2,113074.07,56537.035,9.0,2,0.31,2024-11-22,33235.83,2,At-Risk
CUST0041,119,3,216404.53,72134.84333333334,12.0,3,0.12,2024-09-04,62554.94,2,At-Risk
CUST0042,342,1,7021.88,7021.88,1.0,1,0.27,2024-01-25,833.33,3,Lost / Dormant
CUST0043,288,1,45254.99,45254.99,3.0,1,0.12,2024-03-19,5532.46,3,Lost / Dormant
CUST0044,200,3,187136.78000000003,62378.92666666667,7.0,3,0.15666666666666665,2024-06-15,48872.19,3,Lost / Dormant
CUST0045,65,2,40616.66,20308.33,5.0,2,0.18,2024-10-28,10612.42,2,At-Risk
CUST0046,114,4,159384.21000000002,39846.052500000005,12.0,3,0.2,2024-09-09,53963.21,2,At-Risk
CUST0047,229,3,170749.56,56916.52,8.0,2,0.15333333333333332,2024-05-17,43493.38,3,Lost / Dormant
CUST0048,216,2,169847.87,84923.935,11.0,2,0.03,2024-05-30,34654.49,3,Lost / Dormant
CUST0049,105,2,112599.02,56299.51,6.0,2,0.14,2024-09-18,26472.76,2,At-Risk
CUST0050,4,4,177726.43,44431.6075,9.0,4,0.2525,2024-12-28,159641.77,2,At-Risk
CUST0051,107,4,327553.43,81888.3575,13.0,3,0.23,2024-09-16,112372.16,1,Loyal Customers
CUST0052,241,1,46373.99,46373.99,2.0,1,0.3,2024-05-05,5851.75,3,Lost / Dormant
CUST0053,132,1,124876.17,124876.17,5.0,1,0.11,2024-08-22,17672.6,1,Loyal Customers
CUST0054,310,1,76869.28,76869.28,5.0,1,0.2,2024-02-26,9277.68,3,Lost / Dormant
CUST0055,187,4,257772.39,64443.0975,10.0,3,0.19999999999999998,2024-06-28,79147.02,2,At-Risk
CUST0056,15,5,371667.89,74333.57800000001,15.0,3,0.158,2024-12-17,235047.41,0,Champions
CUST0057,169,3,167753.73,55917.91,7.0,3,0.24333333333333332,2024-07-16,45229.73,3,Lost / Dormant
CUST0058,199,2,145887.02000000002,72943.51000000001,7.0,2,0.29000000000000004,2024-06-16,30221.4,3,Lost / Dormant
CUST0059,64,4,297904.79000000004,74476.19750000001,9.0,3,0.195,2024-10-29,114438.85,1,Loyal Customers
CUST0060,167,2,139497.19,69748.595,4.0,2,0.16499999999999998,2024-07-18,29874.53,3,Lost / Dormant
CUST0061,2,2,223157.17,111578.585,6.0,2,0.07,2024-12-30,176847.87,1,Loyal Customers
CUST0062,120,3,152697.96000000002,50899.32000000001,5.0,2,0.15666666666666668,2024-09-03,44063.99,2,At-Risk
CUST0063,150,2,18182.879999999997,9091.439999999999,3.0,2,0.315,2024-08-04,3976.2,3,Lost / Dormant
CUST0064,103,5,298055.88,59611.176,12.0,2,0.13999999999999999,2024-09-20,114750.54,2,At-Risk
CUST0065,10,3,214765.52000000002,71588.50666666667,8.0,2,0.19666666666666668,2024-12-22,119814.65,2,At-Risk
CUST0066,103,4,120705.84999999999,30176.462499999998,14.0,4,0.27749999999999997,2024-09-20,41742.64,2,At-Risk
CUST0067,125,4,133563.0,33390.75,13.0,3,0.165,2024-08-29,44375.11,2,At-Risk
CUST0068,123,2,66492.17,33246.085,5.0,2,0.3,2024-08-31,15129.32,3,Lost / Dormant
CUST0069,144,4,175380.75,43845.1875,11.0,3,0.23249999999999998,2024-08-10,56638.59,2,At-Risk
CUST0070,98,3,168476.46,56158.82,7.0,2,0.16,2024-09-25,50716.47,2,At-Risk
CUST0072,41,5,262236.04000000004,52447.208000000006,16.0,4,0.242,2024-11-21,124923.93,2,At-Risk
CUST0073,13,6,182494.22999999998,30415.704999999998,15.0,4,0.2833333333333333,2024-12-19,131133.97,2,At-Risk
CUST0074,296,2,192319.42,96159.71,8.0,1,0.265,2024-03-11,37086.36,3,Lost / Dormant
CUST0075,101,3,106461.84,35487.28,5.0,3,0.10333333333333333,2024-09-22,31843.81,2,At-Risk
CUST0076,114,3,104288.04999999999,34762.68333333333,9.0,2,0.24666666666666667,2024-09-09,30413.63,2,At-Risk
CUST0077,23,3,260132.56,86710.85333333333,7.0,3,0.31,2024-12-09,112033.0,1,Loyal Customers
CUST0078,308,2,98702.49,49351.245,3.0,2,0.16,2024-02-28,18902.54,3,Lost / Dormant
CUST0079,12,3,90494.56,30164.853333333333,9.0,2,0.26333333333333336,2024-12-20,47536.71,2,At-Risk
CUST0080,270,2,136914.25,68457.125,4.0,2,0.10500000000000001,2024-04-06,26832.14,3,Lost / Dormant
CUST0081,73,3,216005.66,72001.88666666667,14.0,3,0.10666666666666667,2024-10-20,69356.86,2,At-Risk
CUST0082,126,8,638147.3099999999,79768.41374999999,29.0,4,0.13875,2024-08-28,288982.73,0,Champions
CUST0083,8,2,229048.93,114524.465,8.0,2,0.21000000000000002,2024-12-24,109284.11,1,Loyal Customers
CUST0084,78,4,493772.95,123443.2375,15.0,3,0.1525,2024-10-15,181353.74,1,Loyal Customers
CUST0085,168,2,147870.75,73935.375,5.0,2,0.20500000000000002,2024-07-17,31631.43,3,Lost / Dormant
CUST0086,3,3,248014.51,82671.50333333334,11.0,3,0.10666666666666667,2024-12-29,213628.07,1,Loyal Customers
CUST0087,76,4,110140.45999999999,27535.114999999998,12.0,4,0.16,2024-10-17,40687.65,2,At-Risk
CUST0088,28,5,298347.1,59669.42,16.0,4,0.21799999999999997,2024-12-04,157170.01,2,At-Risk
CUST0089,21,4,243842.02,60960.505,13.0,3,0.305,2024-12-11,125163.23,2,At-Risk
CUST0090,29,6,235304.25,39217.375,27.0,4,0.25833333333333336,2024-12-03,133337.98,2,At-Risk
CUST0091,200,2,122627.68,61313.84,6.0,2,0.255,2024-06-15,25379.33,3,Lost / Dormant
CUST0092,302,2,87454.24,43727.12,3.0,2,0.145,2024-03-05,16805.64,3,Lost / Dormant
CUST0093,54,1,24567.69,24567.69,2.0,1,0.21,2024-11-08,4230.44,2,At-Risk
CUST0095,9,2,159466.69,79733.345,5.0,2,0.075,2024-12-23,73060.77,2,At-Risk
CUST0096,119,5,225691.8,45138.36,13.0,5,0.18,2024-09-04,84320.91,2,At-Risk
CUST0097,161,1,84237.73,84237.73,3.0,1,0.28,2024-07-24,11462.9,3,Lost / Dormant
CUST0098,13,5,450314.77999999997,90062.95599999999,20.0,3,0.188,2024-12-19,297947.12,0,Champions
CUST0099,18,6,226107.99,37684.665,21.0,5,0.22666666666666666,2024-12-14,146870.88,2,At-Risk
CUST0100,105,2,78401.09,39200.545,3.0,2,0.16999999999999998,2024-09-18,18432.6,2,At-Risk
CUST0101,145,3,134053.82,44684.60666666667,6.0,3,0.2233333333333333,2024-08-09,37238.87,2,At-Risk
CUST0102,101,2,56619.91,28309.955,4.0,2,0.245,2024-09-22,13421.14,2,At-Risk
CUST0103,97,3,81648.41,27216.13666666667,7.0,1,0.19999999999999998,2024-09-26,24632.38,2,At-Risk
CUST0104,266,2,104157.73000000001,52078.865000000005,4.0,2,0.22499999999999998,2024-04-10,20466.68,3,Lost / Dormant
CUST0105,118,2,133599.22,66799.61,5.0,2,0.21000000000000002,2024-09-05,30657.75,2,At-Risk
CUST0106,341,1,26356.02,26356.02,4.0,1,0.15,2024-01-26,3129.4,3,Lost / Dormant
CUST0107,16,4,235110.57,58777.6425,15.0,3,0.28,2024-12-16,130915.98,2,At-Risk
CUST0108,40,3,337872.66000000003,112624.22000000002,11.0,3,0.10666666666666667,2024-11-22,125316.31,1,Loyal Customers
CUST0109,223,1,13946.58,13946.58,5.0,1,0.01,2024-05-23,1784.87,3,Lost / Dormant
CUST0110,287,2,151788.57,75894.285,9.0,2,0.09,2024-03-20,29428.91,3,Lost / Dormant
CUST0111,18,6,426128.23,71021.37166666666,19.0,4,0.125,2024-12-14,276796.18,0,Champions
CUST0112,109,3,157022.88,52340.96,12.0,3,0.25333333333333335,2024-09-14,46221.16,2,At-Risk
CUST0113,34,7,441581.25,63083.03571428572,23.0,4,0.16714285714285712,2024-11-28,256240.42,0,Champions
CUST0114,25,3,121983.41,40661.136666666665,6.0,3,0.23666666666666666,2024-12-07,51308.64,2,At-Risk
CUST0115,249,2,155099.58000000002,77549.79000000001,6.0,2,0.21,2024-04-27,30838.07,3,Lost / Dormant
CUST0116,69,5,516050.68,103210.136,17.0,4,0.166,2024-10-24,216914.88,0,Champions
CUST0117,121,2,54801.88,27400.94,3.0,2,0.16999999999999998,2024-09-02,12511.16,3,Lost / Dormant
CUST0118,21,2,235279.53000000003,117639.76500000001,10.0,1,0.245,2024-12-11,82437.08,1,Loyal Customers
CUST0119,231,2,90422.01,45211.005,7.0,2,0.32,2024-05-15,18223.82,3,Lost / Dormant
CUST0121,244,2,58543.67,29271.835,5.0,2,0.275,2024-05-02,11682.64,3,Lost / Dormant
CUST0122,21,3,165538.85,55179.61666666667,15.0,3,0.22666666666666668,2024-12-11,73189.6,2,At-Risk
CUST0123,21,5,169734.68,33946.936,11.0,3,0.192,2024-12-11,96993.87,2,At-Risk
CUST0124,128,4,493565.36,123391.34,17.0,3,0.2825,2024-08-26,163196.13,1,Loyal Customers
CUST0125,60,4,123364.09,30841.0225,11.0,3,0.2225,2024-11-02,48107.68,2,At-Risk
CUST0126,17,8,493568.06000000006,61696.00750000001,25.0,6,0.2125,2024-12-15,368314.6,0,Champions
CUST0127,314,3,75084.72,25028.24,4.0,2,0.13333333333333333,2024-02-22,18084.47,3,Lost / Dormant
CUST0128,50,2,100713.45999999999,50356.729999999996,5.0,2,0.28500000000000003,2024-11-12,28002.59,2,At-Risk
CUST0129,30,4,349226.27,87306.5675,17.0,3,0.16749999999999998,2024-12-02,162175.66,1,Loyal Customers
CUST0130,86,1,25892.79,25892.79,1.0,1,0.28,2024-10-07,4008.52,3,Lost / Dormant
CUST0131,112,5,181641.26,36328.252,8.0,4,0.22000000000000003,2024-09-11,68717.02,2,At-Risk
CUST0132,28,3,199682.7,66560.90000000001,10.0,3,0.35333333333333333,2024-12-04,81388.69,2,At-Risk
CUST0133,127,3,199299.91,66433.30333333333,13.0,2,0.27,2024-08-27,56851.65,2,At-Risk
CUST0134,22,5,429209.75,85841.95,17.0,3,0.196,2024-12-10,241984.77,0,Champions
CUST0135,183,2,146124.1,73062.05,6.0,2,0.325,2024-07-02,30751.49,3,Lost / Dormant
CUST0136,62,4,195373.27000000002,48843.317500000005,10.0,2,0.14500000000000002,2024-10-31,75607.11,2,At-Risk
CUST0137,107,3,126778.0,42259.333333333336,14.0,2,0.25666666666666665,2024-09-16,37462.93,2,At-Risk
CUST0138,58,2,53510.83,26755.415,6.0,1,0.07500000000000001,2024-11-04,14358.26,2,At-Risk
CUST0140,11,4,150240.72,37560.18,11.0,3,0.27,2024-12-21,94272.08,2,At-Risk
CUST0141,84,3,186121.3,62040.43333333333,9.0,3,0.27666666666666667,2024-10-09,57925.19,2,At-Risk
CUST0142,90,1,16244.35,16244.35,1.0,1,0.02,2024-10-03,2490.1,3,Lost / Dormant
CUST0143,100,4,336361.38,84090.345,15.0,3,0.22,2024-09-23,117049.93,1,Loyal Customers
CUST0144,87,2,105495.62,52747.81,7.0,2,0.205,2024-10-06,25820.49,2,At-Risk
CUST0145,169,3,154286.24,51428.746666666666,12.0,2,0.26333333333333336,2024-07-16,41598.63,3,Lost / Dormant
CUST0146,97,1,12148.6,12148.6,1.0,1,0.3,2024-09-26,1832.55,3,Lost / Dormant
CUST0147,55,5,155377.32,31075.464,14.0,3,0.176,2024-11-07,68858.58,2,At-Risk
CUST0148,45,3,130878.98,43626.32666666667,9.0,3,0.26,2024-11-17,47124.63,2,At-Risk
CUST0149,45,2,37551.67,18775.835,7.0,2,0.185,2024-11-17,10715.1,2,At-Risk
CUST0150,25,3,137687.89,45895.96333333334,6.0,2,0.19000000000000003,2024-12-07,57914.26,2,At-Risk
CUST0151,4,6,427929.83,71321.63833333334,23.0,5,0.20666666666666667,2024-12-28,464745.97,0,Champions
CUST0152,108,4,555577.11,138894.2775,18.0,2,0.1325,2024-09-15,190228.83,1,Loyal Customers
CUST0153,120,3,125573.39000000001,41857.79666666667,6.0,2,0.19000000000000003,2024-09-03,36236.66,2,At-Risk
CUST0154,32,1,7822.45,7822.45,4.0,1,0.28,2024-11-30,1537.59,2,At-Risk
CUST0155,76,4,268457.26,67114.315,14.0,3,0.21000000000000002,2024-10-17,99172.4,2,At-Risk
CUST0156,82,5,308444.25,61688.85,15.0,3,0.254,2024-10-11,124730.48,2,At-Risk
CUST0157,201,4,306684.32,76671.08,15.0,4,0.14250000000000002,2024-06-14,92898.6,1,Loyal Customers
CUST0158,353,1,81070.86,81070.86,4.0,1,0.01,2024-01-14,9569.64,3,Lost / Dormant
CUST0159,2,2,225043.7,112521.85,6.0,2,0.16999999999999998,2024-12-30,178342.91,1,Loyal Customers
CUST0160,91,4,276321.7,69080.425,13.0,4,0.09,2024-10-02,98116.46,2,At-Risk
CUST0161,79,2,117245.92,58622.96,4.0,2,0.14,2024-10-14,29311.48,2,At-Risk
CUST0162,131,2,182530.56,91265.28,6.0,2,0.31,2024-08-23,41005.32,1,Loyal Customers
CUST0163,99,3,163685.82,54561.94,11.0,2,0.12666666666666668,2024-09-24,49168.1,2,At-Risk
CUST0164,18,6,191218.57,31869.76166666667,20.0,4,0.21666666666666667,2024-12-14,124208.08,2,At-Risk
CUST0165,286,2,216320.13,108160.065,7.0,2,0.17,2024-03-21,41966.03,3,Lost / Dormant
CUST0166,48,1,19822.24,19822.24,2.0,1,0.3,2024-11-14,3512.18,2,At-Risk
CUST0167,100,3,39980.619999999995,13326.873333333331,5.0,2,0.2933333333333334,2024-09-23,11983.83,2,At-Risk
CUST0168,85,2,210837.91999999998,105418.95999999999,8.0,2,0.23,2024-10-08,51866.08,1,Loyal Customers
CUST0169,31,3,118222.9,39407.63333333333,6.0,3,0.20666666666666667,2024-12-01,46872.98,2,At-Risk
CUST0171,135,4,265008.67,66252.1675,16.0,3,0.265,2024-08-19,86690.38,2,At-Risk
CUST0172,2,5,240995.15000000002,48199.030000000006,13.0,3,0.24,2024-12-30,311481.71,0,Champions
CUST0173,105,2,39857.65,19928.825,2.0,2,0.31,2024-09-18,9370.79,2,At-Risk
CUST0174,36,6,385599.03,64266.505000000005,14.0,2,0.19333333333333336,2024-11-26,206274.44,0,Champions
CUST0175,62,3,380665.95,126888.65000000001,15.0,3,0.16333333333333336,2024-10-31,126888.65,1,Loyal Customers
CUST0176,195,3,153826.77000000002,51275.590000000004,9.0,2,0.29000000000000004,2024-06-20,40363.61,3,Lost / Dormant
CUST0178,97,5,256838.54,51367.708,12.0,2,0.26,2024-09-26,100148.18,2,At-Risk
CUST0179,359,1,3958.92,3958.92,1.0,1,0.09,2024-01-08,465.98,3,Lost / Dormant
CUST0181,86,3,137332.37,45777.456666666665,10.0,2,0.29333333333333333,2024-10-07,42521.5,2,At-Risk
CUST0182,118,2,67503.09,33751.545,3.0,2,0.33999999999999997,2024-09-05,15490.31,3,Lost / Dormant
CUST0183,10,4,184604.33,46151.0825,12.0,4,0.09999999999999999,2024-12-22,119565.54,2,At-Risk
CUST0184,64,6,415971.87,69328.645,27.0,5,0.17166666666666666,2024-10-29,193200.62,0,Champions
CUST0185,17,7,461587.74,65941.10571428572,25.0,4,0.2285714285714286,2024-12-15,325985.6,0,Champions
CUST0186,15,7,516629.96,73804.28,20.0,5,0.19999999999999998,2024-12-17,379181.4,0,Champions
CUST0187,190,3,179795.82,59931.94,8.0,2,0.33,2024-06-25,47408.49,3,Lost / Dormant
CUST0188,279,1,57741.91,57741.91,4.0,1,0.05,2024-03-28,7098.46,3,Lost / Dormant
CUST0189,355,1,53875.3,53875.3,2.0,1,0.26,2024-01-12,6353.38,3,Lost / Dormant
CUST0190,23,4,137587.19999999998,34396.799999999996,12.0,3,0.16999999999999998,2024-12-09,68793.6,2,At-Risk
CUST0191,18,2,191381.43,95690.715,9.0,2,0.185,2024-12-14,70184.51,1,Loyal Customers
CUST0193,99,4,164508.76,41127.19,16.0,4,0.32,2024-09-24,57369.39,2,At-Risk
CUST0194,32,5,290969.99,58193.998,17.0,3,0.2,2024-11-30,147843.15,2,At-Risk
CUST0195,163,2,18519.16,9259.58,4.0,2,0.23500000000000001,2024-07-22,3984.64,3,Lost / Dormant
CUST0196,36,5,244184.41,48836.882,11.0,4,0.198,2024-11-26,120277.49,2,At-Risk
CUST0197,92,2,1897.34,948.67,6.0,2,0.32,2024-10-01,458.8,2,At-Risk
CUST0198,83,2,91323.67000000001,45661.83500000001,7.0,2,0.13,2024-10-10,22583.21,2,At-Risk
CUST0199,65,2,142163.12,71081.56,8.0,2,0.11,2024-10-28,37144.72,2,At-Risk
CUST0200,170,2,104539.35,52269.675,9.0,2,0.2,2024-07-15,22311.48,3,Lost / Dormant
CUST0201,62,2,166056.55,83028.275,4.0,2,0.225,2024-10-31,43865.57,2,At-Risk
CUST0202,187,3,110921.97,36973.99,7.0,3,0.09666666666666668,2024-06-28,29335.74,3,Lost / Dormant
CUST0203,24,3,279541.25,93180.41666666667,10.0,2,0.17666666666666667,2024-12-08,118942.6,1,Loyal Customers
CUST0204,58,2,114214.6,57107.3,8.0,2,0.17500000000000002,2024-11-04,30646.56,2,At-Risk
CUST0205,9,9,639866.51,71096.27888888889,31.0,4,0.19333333333333333,2024-12-23,614433.46,0,Champions
CUST0206,353,1,106294.97,106294.97,4.0,1,0.35,2024-01-14,12547.1,3,Lost / Dormant
CUST0207,32,8,641776.24,80222.03,28.0,5,0.16125,2024-11-30,399881.55,0,Champions
CUST0208,8,4,143785.93000000002,35946.482500000006,6.0,3,0.19,2024-12-24,100502.05,2,At-Risk
CUST0209,323,1,41882.41,41882.41,3.0,1,0.12,2024-02-13,5019.29,3,Lost / Dormant
CUST0211,73,5,539489.02,107897.804,21.0,3,0.23399999999999999,2024-10-20,223888.18,0,Champions
CUST0212,6,2,102717.29000000001,51358.645000000004,6.0,2,0.165,2024-12-26,54267.68,2,At-Risk
CUST0213,113,2,163547.88,81773.94,5.0,2,0.16,2024-09-10,37866.87,2,At-Risk
CUST0214,82,4,330401.17,82600.2925,14.0,3,0.2825,2024-10-11,120014.03,1,Loyal Customers
CUST0215,201,2,95250.59,47625.295,9.0,2,0.30000000000000004,2024-06-14,19694.98,3,Lost / Dormant
CUST0216,299,2,108137.5,54068.75,4.0,1,0.16,2024-03-08,20816.35,3,Lost / Dormant
CUST0217,67,5,292496.11,58499.221999999994,12.0,3,0.122,2024-10-26,123776.45,2,At-Risk
CUST0218,96,3,83959.76,27986.586666666666,7.0,2,0.26333333333333336,2024-09-27,25385.77,2,At-Risk
CUST0219,173,2,244785.78,122392.89,10.0,1,0.215,2024-07-12,52068.89,1,Loyal Customers
CUST0220,43,5,362688.76,72537.75200000001,17.0,3,0.148,2024-11-19,170714.12,0,Champions
CUST0221,42,3,322906.33999999997,107635.44666666666,10.0,3,0.25333333333333335,2024-11-20,118293.02,1,Loyal Customers
CUST0222,156,2,89445.31,44722.655,7.0,1,0.30000000000000004,2024-07-29,19410.15,3,Lost / Dormant
CUST0223,156,2,221582.22999999998,110791.11499999999,7.0,1,0.165,2024-07-29,48084.62,1,Loyal Customers
CUST0224,111,4,213060.11,53265.0275,11.0,3,0.16749999999999998,2024-09-12,72536.26,2,At-Risk
CUST0225,301,2,108842.45999999999,54421.229999999996,4.0,2,0.07,2024-03-06,20927.77,3,Lost / Dormant
CUST0226,41,4,304354.21,76088.5525,14.0,4,0.14500000000000002,2024-11-21,130234.82,1,Loyal Customers
CUST0227,5,8,533074.65,66634.33125,27.0,3,0.22999999999999998,2024-12-27,601921.28,0,Champions
CUST0228,18,7,378995.32,54142.188571428575,23.0,3,0.19285714285714287,2024-12-14,263073.78,0,Champions
CUST0229,50,6,483534.29,80589.04833333332,19.0,4,0.22166666666666665,2024-11-12,238131.17,0,Champions
CUST0230,24,2,93487.04999999999,46743.524999999994,4.0,2,0.17500000000000002,2024-12-08,31523.32,2,At-Risk
CUST0231,29,4,168746.39,42186.5975,7.0,3,0.2425,2024-12-03,79087.9,2,At-Risk
CUST0232,77,5,376055.92000000004,75211.18400000001,15.0,4,0.124,2024-10-16,154207.53,0,Champions
CUST0233,13,5,371552.88,74310.576,12.0,4,0.284,2024-12-19,245834.95,0,Champions
CUST0234,127,3,317071.95,105690.65000000001,8.0,3,0.08,2024-08-27,90446.92,1,Loyal Customers
CUST0235,57,5,326946.44,65389.288,13.0,3,0.11399999999999999,2024-11-05,143667.44,0,Champions
CUST0236,106,4,163547.97999999998,40886.994999999995,13.0,3,0.1925,2024-09-17,56218.06,2,At-Risk
CUST0237,122,5,368713.22,73742.644,15.0,4,0.16999999999999998,2024-09-01,137055.36,1,Loyal Customers
CUST0238,145,3,90732.62,30244.206666666665,9.0,3,0.27,2024-08-09,25204.65,2,At-Risk
CUST0239,218,2,210283.68,105141.84,7.0,2,0.07500000000000001,2024-05-28,42832.07,1,Loyal Customers
CUST0240,87,2,231160.25,115580.125,5.0,1,0.05,2024-10-06,56577.43,1,Loyal Customers
CUST0241,81,2,110914.15,55457.075,6.0,2,0.32499999999999996,2024-10-12,27575.48,2,At-Risk
CUST0242,29,5,389497.26,77899.452,18.0,5,0.152,2024-12-03,203228.89,0,Champions
CUST0243,345,1,65804.72,65804.72,4.0,1,0.17,2024-01-22,7797.88,3,Lost / Dormant
CUST0245,22,3,88519.51000000001,29506.503333333338,9.0,2,0.25,2024-12-10,38612.97,2,At-Risk
CUST0246,86,5,320766.25,64153.25,14.0,3,0.17,2024-10-07,128365.59,2,At-Risk
CUST0247,63,4,176813.43,44203.3575,6.0,4,0.2825,2024-10-30,68170.54,2,At-Risk
CUST0248,228,1,23335.27,23335.27,1.0,1,0.1,2024-05-18,2974.35,3,Lost / Dormant
CUST0249,47,4,201470.88,50367.72,8.0,3,0.1875,2024-11-15,83317.02,2,At-Risk
CUST0250,297,2,162602.13,81301.065,6.0,1,0.14500000000000002,2024-03-10,31337.33,3,Lost / Dormant
CUST0251,55,2,97918.44,48959.22,3.0,2,0.22,2024-11-07,26607.23,2,At-Risk
CUST0252,65,4,297862.14,74465.535,17.0,3,0.15250000000000002,2024-10-28,114013.24,1,Loyal Customers
CUST0253,1,2,141905.42,70952.71,8.0,2,0.19,2024-12-31,141905.42,2,At-Risk
CUST0254,246,1,70263.3,70263.3,3.0,1,0.21,2024-04-30,8833.49,3,Lost / Dormant
CUST0255,199,2,136044.88,68022.44,6.0,2,0.055,2024-06-16,28182.54,3,Lost / Dormant
CUST0256,44,2,347550.01,173775.005,10.0,2,0.2,2024-11-18,99727.99,1,Loyal Customers
CUST0257,82,3,271663.62,90554.54,8.0,3,0.05666666666666667,2024-10-11,84996.91,1,Loyal Customers
CUST0258,20,8,522604.2,65325.525,22.0,5,0.20249999999999999,2024-12-12,371485.93,0,Champions
CUST0259,41,6,539377.71,89896.28499999999,23.0,4,0.12166666666666666,2024-11-21,279054.7,0,Champions
CUST0260,84,2,114058.91,57029.455,6.0,2,0.215,2024-10-09,28131.29,2,At-Risk
CUST0261,79,4,336971.29,84242.8225,13.0,4,0.1925,2024-10-14,123413.5,1,Loyal Customers
CUST0262,51,5,395362.71,79072.542,13.0,3,0.17400000000000002,2024-11-11,178423.88,0,Champions
CUST0263,177,1,70420.45,70420.45,7.0,1,0.38,2024-07-08,9409.7,3,Lost / Dormant
CUST0264,224,1,127193.38,127193.38,4.0,1,0.17,2024-05-22,16264.77,1,Loyal Customers
CUST0265,59,3,198914.85,66304.95,9.0,3,0.25,2024-11-03,67079.3,2,At-Risk
CUST0266,252,2,231895.89,115947.945,8.0,2,0.23,2024-04-24,46008.36,1,Loyal Customers
CUST0267,11,2,155768.97,77884.485,10.0,2,0.2,2024-12-21,66718.55,2,At-Risk
CUST0268,28,2,56294.43,28147.215,6.0,2,0.13,2024-12-04,18183.52,2,At-Risk
CUST0269,2,5,401141.36,80228.272,17.0,3,0.188,2024-12-30,518467.69,0,Champions
CUST0270,19,5,402243.49,80448.698,18.0,3,0.15,2024-12-13,236727.96,0,Champions
CUST0271,28,4,191594.49,47898.6225,8.0,4,0.1875,2024-12-04,90662.02,2,At-Risk
CUST0272,9,3,261152.26,87050.75333333334,8.0,2,0.09000000000000001,2024-12-23,150979.87,1,Loyal Customers
CUST0273,53,4,270340.66,67585.165,12.0,3,0.1275,2024-11-09,108575.08,2,At-Risk
CUST0274,11,5,191231.63,38246.326,12.0,3,0.198,2024-12-21,133585.91,2,At-Risk
CUST0275,173,2,101419.56999999999,50709.784999999996,7.0,2,0.33499999999999996,2024-07-12,21573.17,3,Lost / Dormant
CUST0276,87,2,109164.14000000001,54582.07000000001,6.0,1,0.14,2024-10-06,26718.37,2,At-Risk
CUST0277,16,1,60445.21,60445.21,3.0,1,0.07,2024-12-16,14495.51,2,At-Risk
CUST0278,49,4,366626.3,91656.575,11.0,3,0.14250000000000002,2024-11-13,150073.36,1,Loyal Customers
CUST0279,82,3,121810.48999999999,40603.496666666666,6.0,2,0.25,2024-10-11,38111.53,2,At-Risk
CUST0280,11,5,321795.2,64359.04,17.0,4,0.164,2024-12-21,224791.81,0,Champions
CUST0281,78,7,584802.13,83543.16142857143,23.0,4,0.17142857142857143,2024-10-15,277511.29,0,Champions
CUST0282,192,4,292363.32,73090.83,13.0,4,0.265,2024-06-23,89322.95,1,Loyal Customers
CUST0283,65,5,179448.92,35889.784,13.0,5,0.31,2024-10-28,76469.16,2,At-Risk
CUST0284,182,3,292103.2,97367.73333333334,7.0,2,0.09333333333333334,2024-07-03,77650.24,1,Loyal Customers
CUST0285,317,1,94550.23,94550.23,4.0,1,0.4,2024-02-19,11367.75,3,Lost / Dormant
CUST0286,151,3,25810.51,8603.503333333332,7.0,2,0.18666666666666668,2024-08-03,7112.89,3,Lost / Dormant
CUST0287,276,2,153678.77,76839.385,5.0,2,0.29000000000000004,2024-03-31,30000.84,3,Lost / Dormant
CUST0288,171,3,376431.02,125477.00666666667,12.0,2,0.13999999999999999,2024-07-14,101264.25,1,Loyal Customers
CUST0289,167,1,56005.65,56005.65,3.0,1,0.39,2024-07-18,7567.43,3,Lost / Dormant
CUST0290,104,1,24229.73,24229.73,2.0,1,0.04,2024-09-19,3601.37,3,Lost / Dormant
CUST0291,15,4,192556.31,48139.0775,10.0,2,0.1625,2024-12-17,109383.72,2,At-Risk
CUST0292,251,1,33167.49,33167.49,2.0,1,0.22,2024-04-25,4154.77,3,Lost / Dormant
CUST0293,338,2,110966.95,55483.475,8.0,1,0.32499999999999996,2024-01-29,20914.53,3,Lost / Dormant
CUST0295,292,1,22925.34,22925.34,1.0,1,0.3,2024-03-15,2795.88,3,Lost / Dormant
CUST0296,4,6,751757.74,125292.95666666667,19.0,4,0.07166666666666667,2024-12-28,816433.81,0,Champions
CUST0297,68,4,256402.13,64100.5325,13.0,3,0.315,2024-10-25,97131.64,2,At-Risk
CUST0298,114,2,135881.18,67940.59,10.0,1,0.35,2024-09-09,31403.79,2,At-Risk
CUST0299,17,4,131504.7,32876.175,9.0,3,0.17,2024-12-15,71880.81,2,At-Risk
CUST0300,9,3,138942.74,46314.246666666666,9.0,3,0.22999999999999998,2024-12-23,80326.92,2,At-Risk
CUST0301,112,7,354854.92,50693.56,23.0,4,0.2885714285714286,2024-09-11,155800.07,0,Champions
CUST0302,73,1,47282.0,47282.0,2.0,1,0.11,2024-10-20,7590.85,2,At-Risk
CUST0303,96,3,84022.41,28007.47,5.0,3,0.09666666666666666,2024-09-27,25404.72,2,At-Risk
CUST0304,287,3,345945.08,115315.02666666667,13.0,2,0.16,2024-03-20,84635.65,1,Loyal Customers
CUST0305,254,2,74852.68,37426.34,7.0,2,0.045,2024-04-22,14829.84,3,Lost / Dormant
CUST0306,74,5,372885.22,74577.044,15.0,5,0.15,2024-10-19,154274.25,0,Champions
CUST0307,4,3,361782.44,120594.14666666667,12.0,3,0.09333333333333334,2024-12-28,279913.11,1,Loyal Customers
CUST0308,2,2,175885.18,87942.59,5.0,1,0.18,2024-12-30,139385.71,1,Loyal Customers
CUST0309,45,7,444908.67000000004,63558.38142857143,20.0,6,0.20428571428571426,2024-11-17,240292.49,0,Champions
CUST0310,14,3,159963.41,53321.136666666665,9.0,2,0.3133333333333333,2024-12-18,79981.7,2,At-Risk
CUST0311,229,2,46879.51,23439.755,5.0,2,0.365,2024-05-17,9463.15,3,Lost / Dormant
CUST0312,30,3,125177.38,41725.793333333335,8.0,2,0.1366666666666667,2024-12-02,50070.95,2,At-Risk
CUST0313,138,1,86603.53,86603.53,4.0,1,0.39,2024-08-16,12147.58,3,Lost / Dormant
CUST0314,29,4,279389.1,69847.275,8.0,2,0.16749999999999998,2024-12-03,130943.82,2,At-Risk
CUST0315,148,3,180924.43,60308.14333333333,11.0,2,0.18999999999999997,2024-08-06,50056.43,2,At-Risk
CUST0316,5,7,522260.6,74608.65714285713,19.0,3,0.14285714285714285,2024-12-27,558098.94,0,Champions
CUST0317,44,5,300906.6,60181.31999999999,17.0,3,0.23600000000000004,2024-11-18,140820.78,2,At-Risk
CUST0318,80,2,144729.47999999998,72364.73999999999,5.0,2,0.155,2024-10-13,36081.62,2,At-Risk
CUST0319,7,4,253940.44,63485.11,13.0,2,0.2275,2024-12-25,186008.01,2,At-Risk
CUST0320,53,4,169173.95,42293.4875,10.0,2,0.3225,2024-11-09,67944.18,2,At-Risk
CUST0321,130,2,192905.92,96452.96,5.0,1,0.135,2024-08-24,43403.12,1,Loyal Customers
CUST0322,252,3,140729.89,46909.96333333334,6.0,2,0.09666666666666666,2024-04-24,35232.31,3,Lost / Dormant
CUST0323,25,4,306071.68,76517.92,13.0,4,0.2775,2024-12-07,149462.3,1,Loyal Customers
CUST0324,14,2,23329.88,11664.94,2.0,2,0.19,2024-12-18,9244.25,2,At-Risk
CUST0325,83,2,64683.68,32341.84,8.0,2,0.31,2024-10-10,15995.47,2,At-Risk
CUST0328,77,5,157004.44,31400.888,11.0,3,0.26799999999999996,2024-10-16,64382.09,2,At-Risk
CUST0329,65,5,399150.47,79830.094,14.0,3,0.198,2024-10-28,170091.3,0,Champions
CUST0330,47,8,637275.12,79659.39,30.0,4,0.23249999999999998,2024-11-15,359789.62,0,Champions
CUST0331,109,3,83246.4,27748.8,5.0,3,0.3133333333333333,2024-09-14,24504.36,2,At-Risk
CUST0332,212,3,160305.19,53435.06333333333,6.0,2,0.20333333333333334,2024-06-03,41414.68,3,Lost / Dormant
CUST0333,162,2,188280.89,94140.445,7.0,2,0.265,2024-07-23,40559.43,1,Loyal Customers
CUST0334,81,4,260245.27,65061.3175,14.0,4,0.2325,2024-10-12,94786.99,2,At-Risk
CUST0335,169,2,78437.11,39218.555,5.0,2,0.125,2024-07-16,16759.55,3,Lost / Dormant
CUST0336,61,1,11131.78,11131.78,1.0,1,0.24,2024-11-01,1862.35,2,At-Risk
CUST0337,73,2,233903.26,116951.63,8.0,1,0.16499999999999998,2024-10-20,59518.17,1,Loyal Customers
CUST0338,20,2,129893.07,64946.535,6.0,2,0.13,2024-12-12,46166.34,2,At-Risk
CUST0339,4,5,384045.43,76809.086,13.0,5,0.188,2024-12-28,384045.43,0,Champions
CUST0340,104,2,96871.05,48435.525,6.0,2,0.18,2024-09-19,22820.87,2,At-Risk
CUST0341,20,4,498155.46,124538.865,16.0,4,0.1225,2024-12-12,259378.61,0,Champions
CUST0342,12,4,251863.14,62965.785,12.0,3,0.15,2024-12-20,153599.58,2,At-Risk
CUST0343,65,1,118505.88,118505.88,4.0,1,0.36,2024-10-28,19535.8,1,Loyal Customers
CUST0344,334,2,130191.97,65095.985,5.0,2,0.295,2024-02-02,24587.89,3,Lost / Dormant
CUST0345,41,5,251885.04,50377.008,16.0,3,0.242,2024-11-21,119992.93,2,At-Risk
CUST0346,21,3,114078.98,38026.32666666667,9.0,3,0.27999999999999997,2024-12-11,50437.68,2,At-Risk
CUST0347,77,6,497302.04000000004,82883.67333333334,24.0,4,0.21333333333333335,2024-10-16,221470.79,0,Champions
CUST0348,16,3,199745.62,66581.87333333334,9.0,2,0.11,2024-12-16,95802.98,2,At-Risk
CUST0349,79,4,163782.97,40945.7425,15.0,3,0.2925,2024-10-14,59984.43,2,At-Risk
CUST0351,16,4,160685.61,40171.4025,12.0,3,0.1825,2024-12-16,89474.13,2,At-Risk
CUST0352,41,2,59409.219999999994,29704.609999999997,4.0,2,0.33,2024-11-21,17352.89,2,At-Risk
CUST0353,77,3,228964.56,76321.52,9.0,3,0.18333333333333335,2024-10-16,72643.57,2,At-Risk
CUST0354,49,7,213167.95,30452.56428571429,21.0,5,0.19714285714285715,2024-11-13,112739.05,2,At-Risk
CUST0355,82,2,334003.45,167001.725,8.0,2,0.24,2024-10-11,82815.5,1,Loyal Customers
CUST0356,10,3,323349.13,107783.04333333333,12.0,2,0.18666666666666668,2024-12-22,180391.92,1,Loyal Customers
CUST0357,100,5,242844.85,48568.97,9.0,4,0.194,2024-09-23,94080.46,2,At-Risk
CUST0358,141,2,56420.979999999996,28210.489999999998,2.0,2,0.24000000000000002,2024-08-13,12489.77,3,Lost / Dormant
CUST0359,181,1,145203.12,145203.12,5.0,1,0.28,2024-07-04,19319.97,1,Loyal Customers
CUST0360,324,2,130822.81,65411.405,5.0,1,0.20500000000000002,2024-02-12,24836.03,3,Lost / Dormant
CUST0361,245,1,68675.77,68675.77,2.0,1,0.27,2024-05-01,8640.24,3,Lost / Dormant
CUST0363,13,2,136453.47999999998,68226.73999999999,5.0,2,0.14,2024-12-19,55356.98,2,At-Risk
CUST0364,141,2,107498.4,53749.2,6.0,2,0.16499999999999998,2024-08-13,23796.65,3,Lost / Dormant
CUST0365,36,6,367762.4,61293.73333333334,26.0,3,0.19999999999999998,2024-11-26,196732.82,0,Champions
CUST0366,20,3,227184.69,75728.23,9.0,3,0.17666666666666667,2024-12-12,101889.53,2,At-Risk
CUST0367,67,2,167672.47999999998,83836.23999999999,9.0,1,0.035,2024-10-26,43505.53,2,At-Risk
CUST0368,210,1,102694.36,102694.36,4.0,1,0.07,2024-06-05,13288.74,3,Lost / Dormant
CUST0369,287,1,9065.76,9065.76,4.0,1,0.25,2024-03-20,1108.97,3,Lost / Dormant
CUST0370,6,6,488443.99,81407.33166666667,20.0,3,0.245,2024-12-26,457078.55,0,Champions
CUST0372,26,3,174398.13,58132.71,6.0,3,0.22,2024-12-06,72554.71,2,At-Risk
CUST0373,40,3,206277.54,68759.18000000001,11.0,2,0.21666666666666667,2024-11-22,76507.94,2,At-Risk
CUST0374,18,3,168155.04,56051.68,8.0,2,0.29000000000000004,2024-12-14,77814.83,2,At-Risk
CUST0375,210,3,140786.36,46928.78666666666,11.0,3,0.15,2024-06-05,36435.77,3,Lost / Dormant
CUST0376,155,2,105993.97,52996.985,8.0,2,0.060000000000000005,2024-07-30,23030.19,3,Lost / Dormant
CUST0377,52,2,141148.12,70574.06,7.0,2,0.21,2024-11-10,38873.82,2,At-Risk
CUST0378,232,2,248058.81,124029.405,10.0,2,0.22499999999999998,2024-05-14,49954.98,1,Loyal Customers
CUST0379,168,3,342211.05,114070.34999999999,11.0,3,0.19333333333333336,2024-07-17,92372.25,1,Loyal Customers
CUST0380,18,2,104125.18000000001,52062.590000000004,6.0,2,0.365,2024-12-14,38185.39,2,At-Risk
CUST0381,296,3,128867.84,42955.94666666666,10.0,2,0.17,2024-03-11,31357.88,3,Lost / Dormant
CUST0382,82,3,347710.75,115903.58333333333,13.0,3,0.27,2024-10-11,108790.2,1,Loyal Customers
CUST0383,50,9,444375.02,49375.002222222225,22.0,6,0.14444444444444446,2024-11-12,258959.3,0,Champions
CUST0384,80,5,244450.02,48890.004,16.0,5,0.282,2024-10-13,99392.68,2,At-Risk
CUST0385,301,1,31925.75,31925.75,1.0,1,0.24,2024-03-06,3872.99,3,Lost / Dormant
CUST0386,99,5,142858.81,28571.762,14.0,4,0.18,2024-09-24,55463.04,2,At-Risk
CUST0387,176,1,13262.83,13262.83,2.0,1,0.27,2024-07-09,1774.12,3,Lost / Dormant
CUST0389,5,2,114563.66,57281.83,8.0,2,0.155,2024-12-27,64679.78,2,At-Risk
CUST0390,296,3,111079.26,37026.42,8.0,3,0.21666666666666667,2024-03-11,27029.32,3,Lost / Dormant
CUST0391,10,2,116857.72,58428.86,7.0,2,0.16,2024-12-22,51664.45,2,At-Risk
CUST0392,190,2,49130.520000000004,24565.260000000002,5.0,1,0.25,2024-06-25,10266.37,3,Lost / Dormant
CUST0393,91,2,31123.89,15561.945,2.0,2,0.21500000000000002,2024-10-02,7543.81,2,At-Risk
CUST0394,48,4,266620.3,66655.075,15.0,4,0.325,2024-11-14,109689.75,2,At-Risk
CUST0395,156,5,276228.12,55245.623999999996,12.0,4,0.22399999999999998,2024-07-29,97762.97,2,At-Risk
CUST0396,229,2,162043.12,81021.56,6.0,2,0.315,2024-05-17,32710.2,3,Lost / Dormant
CUST0397,218,1,30070.71,30070.71,1.0,1,0.24,2024-05-28,3864.45,3,Lost / Dormant
CUST0398,54,7,487659.07,69665.58142857143,23.0,4,0.16,2024-11-08,251918.0,0,Champions
CUST0399,353,1,91024.05,91024.05,4.0,1,0.35,2024-01-14,10744.52,3,Lost / Dormant
CUST0400,152,4,217898.45,54474.6125,16.0,4,0.2,2024-08-02,69624.25,2,At-Risk
CUST0401,66,6,248417.11000000002,41402.85166666667,16.0,5,0.23166666666666666,2024-10-27,114562.51,2,At-Risk
CUST0402,141,4,337465.0,84366.25,15.0,2,0.21250000000000002,2024-08-13,109439.04,1,Loyal Customers
CUST0403,55,5,242007.79,48401.558000000005,15.0,4,0.256,2024-11-07,107250.62,2,At-Risk
CUST0404,143,4,145855.31,36463.8275,10.0,2,0.18,2024-08-11,47168.5,2,At-Risk
CUST0405,127,1,51397.83,51397.83,2.0,1,0.03,2024-08-27,7330.79,3,Lost / Dormant
CUST0406,152,6,280938.89,46823.14833333334,24.0,3,0.17666666666666667,2024-08-02,108534.24,2,At-Risk
CUST0407,113,2,158820.78999999998,79410.39499999999,8.0,2,0.245,2024-09-10,36772.39,2,At-Risk
CUST0408,13,4,203708.13999999998,50927.034999999996,9.0,3,0.27,2024-12-19,121067.03,2,At-Risk
CUST0409,142,5,95716.69,19143.338,7.0,3,0.21800000000000003,2024-08-12,34508.6,2,At-Risk
CUST0410,277,1,263248.56,263248.56,5.0,1,0.29,2024-03-30,32403.33,1,Loyal Customers
CUST0411,338,1,12077.67,12077.67,1.0,1,0.34,2024-01-29,1436.21,3,Lost / Dormant
CUST0412,9,4,108751.5,27187.875,12.0,2,0.245,2024-12-23,72992.67,2,At-Risk
CUST0413,95,3,170715.9,56905.299999999996,8.0,2,0.24666666666666667,2024-09-28,51732.77,2,At-Risk
CUST0414,155,2,145325.53,72662.765,5.0,2,0.105,2024-07-30,31576.08,3,Lost / Dormant
CUST0415,47,1,147545.12,147545.12,5.0,1,0.15,2024-11-15,26278.32,1,Loyal Customers
CUST0416,62,2,61689.26,30844.63,5.0,2,0.12000000000000001,2024-10-31,16295.86,2,At-Risk
CUST0418,43,6,371914.68,61985.78,14.0,4,0.19166666666666665,2024-11-19,190117.34,0,Champions
CUST0419,89,3,618999.78,206333.26,14.0,3,0.10666666666666667,2024-10-04,190233.35,1,Loyal Customers
CUST0420,105,5,352358.69,70471.738,12.0,4,0.22199999999999998,2024-09-18,135109.17,1,Loyal Customers
CUST0421,5,3,316845.57999999996,105615.19333333331,12.0,3,0.12333333333333334,2024-12-27,225725.35,1,Loyal Customers
CUST0422,77,4,132047.05000000002,33011.762500000004,10.0,4,0.155,2024-10-16,48638.07,2,At-Risk
CUST0423,44,5,181612.94,36322.588,13.0,5,0.20800000000000002,2024-11-18,84992.74,2,At-Risk
CUST0424,140,5,295153.7,59030.740000000005,13.0,2,0.136,2024-08-14,106711.64,2,At-Risk
CUST0425,82,2,290497.03,145248.515,9.0,1,0.09,2024-10-11,72028.17,1,Loyal Customers
CUST0426,86,4,82229.67,20557.4175,11.0,3,0.1875,2024-10-07,29558.54,2,At-Risk
CUST0427,46,3,247337.77,82445.92333333332,12.0,3,0.25333333333333335,2024-11-16,88572.76,1,Loyal Customers
CUST0428,14,3,108905.31,36301.77,12.0,3,0.20333333333333334,2024-12-18,54452.66,2,At-Risk
CUST0429,159,2,130581.89,65290.945,6.0,2,0.16999999999999998,2024-07-26,28232.13,3,Lost / Dormant
CUST0430,166,2,248964.91,124482.455,7.0,1,0.235,2024-07-19,53379.75,1,Loyal Customers
CUST0431,94,6,460956.5,76826.08333333333,23.0,5,0.135,2024-09-29,196518.73,0,Champions
CUST0432,118,3,302550.65,100850.21666666667,9.0,2,0.15333333333333332,2024-09-05,87608.35,1,Loyal Customers
CUST0433,46,3,120809.8,40269.933333333334,7.0,3,0.27666666666666667,2024-11-16,43262.53,2,At-Risk
CUST0434,177,3,121760.70000000001,40586.9,7.0,2,0.09000000000000001,2024-07-08,32539.74,3,Lost / Dormant
CUST0435,209,4,226843.05000000002,56710.762500000004,14.0,2,0.2275,2024-06-06,68217.39,3,Lost / Dormant
CUST0437,7,3,157739.07,52579.69,5.0,1,0.25333333333333335,2024-12-25,99522.27,2,At-Risk
CUST0438,125,1,64274.06,64274.06,4.0,1,0.11,2024-08-29,9196.88,3,Lost / Dormant
CUST0439,111,4,173620.33,43405.0825,8.0,4,0.165,2024-09-12,59108.99,2,At-Risk
CUST0440,44,3,99981.65,33327.21666666667,4.0,3,0.1366666666666667,2024-11-18,36201.88,2,At-Risk
CUST0441,90,4,340260.34,85065.085,15.0,3,0.2275,2024-10-03,121108.69,1,Loyal Customers
CUST0442,27,3,274019.62,91339.87333333334,12.0,2,0.2333333333333333,2024-12-05,112812.14,1,Loyal Customers
CUST0443,88,5,362483.52999999997,72496.70599999999,20.0,4,0.242,2024-10-05,144335.73,0,Champions
CUST0444,219,3,312188.32,104062.77333333333,9.0,2,0.2866666666666667,2024-05-27,80172.63,1,Loyal Customers
CUST0445,139,2,41453.32,20726.66,3.0,2,0.225,2024-08-15,9202.53,3,Lost / Dormant
CUST0446,21,4,238394.88999999998,59598.722499999996,9.0,3,0.2925,2024-12-11,122367.24,2,At-Risk
CUST0447,28,6,450232.0,75038.66666666667,20.0,5,0.24,2024-12-04,257589.0,0,Champions
CUST0448,284,2,165747.83000000002,82873.91500000001,7.0,2,0.08499999999999999,2024-03-23,32194.64,3,Lost / Dormant
CUST0449,88,9,540804.24,60089.36,32.0,4,0.21222222222222223,2024-10-05,276733.43,0,Champions
CUST0450,198,1,44981.91,44981.91,3.0,1,0.33,2024-06-17,5884.71,3,Lost / Dormant
CUST0451,248,1,43550.68,43550.68,2.0,1,0.37,2024-04-28,5467.22,3,Lost / Dormant
CUST0452,152,4,335537.85,83884.4625,16.0,3,0.3025,2024-08-02,107213.11,1,Loyal Customers
CUST0453,144,1,62366.11,62366.11,4.0,1,0.28,2024-08-10,8674.22,3,Lost / Dormant
CUST0454,120,1,80885.53,80885.53,5.0,1,0.17,2024-09-03,11670.55,3,Lost / Dormant
CUST0455,156,1,123758.18,123758.18,3.0,1,0.15,2024-07-29,16944.4,1,Loyal Customers
CUST0456,101,2,44424.079999999994,22212.039999999997,6.0,1,0.18000000000000002,2024-09-22,10530.25,2,At-Risk
CUST0457,131,4,261569.66999999998,65392.417499999996,14.0,3,0.24000000000000002,2024-08-23,86083.86,2,At-Risk
CUST0458,17,4,353905.51,88476.3775,12.0,4,0.19,2024-12-15,193445.66,1,Loyal Customers
CUST0459,45,2,251845.99,125922.995,8.0,2,0.24000000000000002,2024-11-17,71862.47,1,Loyal Customers
CUST0460,8,9,470822.41000000003,52313.601111111115,25.0,5,0.24444444444444446,2024-12-24,470822.41,0,Champions
CUST0461,94,4,247700.22,61925.055,9.0,3,0.19,2024-09-29,87341.74,2,At-Risk
CUST0462,17,3,164318.91,54772.97,8.0,2,0.12333333333333334,2024-12-15,77364.27,2,At-Risk
CUST0463,54,6,263278.11000000004,43879.685000000005,19.0,4,0.21,2024-11-08,127272.24,2,At-Risk
CUST0464,225,4,309100.21,77275.0525,14.0,4,0.235,2024-05-21,91701.78,1,Loyal Customers
CUST0465,117,4,243698.78000000003,60924.69500000001,9.0,3,0.0975,2024-09-06,82069.04,2,At-Risk
CUST0466,38,2,142680.24,71340.12,6.0,2,0.15,2024-11-24,42492.65,2,At-Risk
CUST0467,332,1,97385.48,97385.48,4.0,1,0.21,2024-02-04,11616.04,3,Lost / Dormant
CUST0468,197,5,187851.28,37570.256,10.0,4,0.22999999999999998,2024-06-18,63586.8,2,At-Risk
CUST0469,71,2,316446.52,158223.26,7.0,2,0.11,2024-10-22,81029.09,1,Loyal Customers
CUST0470,169,3,190773.77000000002,63591.256666666675,10.0,3,0.26666666666666666,2024-07-16,51436.39,2,At-Risk
CUST0471,75,4,158029.33,39507.3325,7.0,3,0.3375,2024-10-18,58551.98,2,At-Risk
CUST0473,116,4,254917.73,63729.4325,14.0,3,0.24250000000000002,2024-09-07,85999.03,2,At-Risk
CUST0474,3,5,363041.92000000004,72608.384,15.0,2,0.22999999999999998,2024-12-29,404168.31,0,Champions
CUST0475,86,1,66077.76,66077.76,4.0,1,0.12,2024-10-07,10229.66,2,At-Risk
CUST0476,58,5,376740.95,75348.19,17.0,4,0.19,2024-11-04,164868.68,0,Champions
CUST0477,42,6,390677.7,65112.950000000004,18.0,3,0.18166666666666667,2024-11-20,200894.72,0,Champions
CUST0478,5,4,126400.14,31600.035,7.0,3,0.3125,2024-12-27,104543.97,2,At-Risk
CUST0479,34,4,296391.08,74097.77,16.0,3,0.2425,2024-11-28,133115.81,1,Loyal Customers
CUST0480,205,5,433656.37,86731.274,20.0,4,0.20400000000000001,2024-06-10,145705.77,1,Loyal Customers
CUST0481,151,4,95295.98999999999,23823.997499999998,9.0,3,0.1775,2024-08-03,30488.99,2,At-Risk
CUST0482,232,3,206545.58000000002,68848.52666666667,10.0,2,0.22,2024-05-14,52486.91,3,Lost / Dormant
CUST0483,98,2,126565.28,63282.64,3.0,1,0.315,2024-09-25,30193.49,2,At-Risk
CUST0484,44,3,127662.45000000001,42554.15,7.0,3,0.22,2024-11-18,46224.68,2,At-Risk
CUST0485,30,4,390413.32,97603.33,12.0,4,0.125,2024-12-02,181302.33,1,Loyal Customers
CUST0486,110,6,191132.74,31855.456666666665,15.0,3,0.19000000000000003,2024-09-13,78823.19,2,At-Risk
CUST0487,48,6,445239.81,74206.635,19.0,5,0.3416666666666666,2024-11-14,221470.24,0,Champions
CUST0488,121,2,45097.83,22548.915,4.0,2,0.125,2024-09-02,10295.75,3,Lost / Dormant
CUST0489,151,3,191200.11,63733.369999999995,10.0,2,0.31,2024-08-03,52691.16,2,At-Risk
CUST0490,20,5,340963.0,68192.6,15.0,4,0.184,2024-12-12,197643.25,0,Champions
CUST0491,32,4,189246.16999999998,47311.542499999996,10.0,3,0.12250000000000001,2024-11-30,86372.33,2,At-Risk
CUST0492,66,4,241000.32,60250.08,13.0,4,0.2525,2024-10-27,91924.24,2,At-Risk
CUST0493,60,2,181248.06,90624.03,8.0,2,0.1,2024-11-02,48246.88,1,Loyal Customers
CUST0494,11,4,224223.05,56055.7625,7.0,4,0.18,2024-12-21,140694.04,2,At-Risk
CUST0495,106,1,119642.14,119642.14,5.0,1,0.25,2024-09-17,17711.94,1,Loyal Customers
CUST0497,19,4,332372.42,83093.105,14.0,3,0.1975,2024-12-13,175703.34,1,Loyal Customers
CUST0498,258,1,18894.8,18894.8,4.0,1,0.18,2024-04-18,2355.26,3,Lost / Dormant
CUST0499,46,8,608652.74,76081.5925,25.0,5,0.165,2024-11-16,345460.43,0,Champions
CUST0500,31,7,594865.9,84980.84285714287,25.0,4,0.16857142857142857,2024-12-01,353778.4,0,Champions
CUST0501,222,1,10359.4,10359.4,3.0,1,0.18,2024-05-24,1326.88,3,Lost / Dormant
CUST0502,304,1,36400.43,36400.43,2.0,1,0.13,2024-03-03,4408.23,3,Lost / Dormant
CUST0503,24,13,823345.62,63334.27846153846,41.0,5,0.2476923076923077,2024-12-08,666909.73,0,Champions
CUST0504,27,2,153240.63,76620.315,8.0,1,0.21,2024-12-05,49996.21,2,At-Risk
CUST0505,179,4,436276.35,109069.0875,19.0,3,0.14750000000000002,2024-07-06,135069.75,1,Loyal Customers
CUST0506,159,3,156851.26,52283.753333333334,10.0,3,0.04,2024-07-26,42791.72,2,At-Risk
CUST0507,296,2,136771.18,68385.59,6.0,2,0.16999999999999998,2024-03-11,26374.59,3,Lost / Dormant
CUST0508,228,1,21960.97,21960.97,1.0,1,0.35,2024-05-18,2799.18,3,Lost / Dormant
CUST0509,88,3,374387.27,124795.75666666667,12.0,3,0.14666666666666667,2024-10-05,115340.65,1,Loyal Customers
CUST0510,144,4,100875.01,25218.7525,7.0,4,0.2675,2024-08-10,32577.22,2,At-Risk
CUST0511,11,6,149717.75,24952.958333333332,11.0,5,0.07833333333333334,2024-12-21,113584.03,2,At-Risk
CUST0512,192,1,59333.31,59333.31,3.0,1,0.25,2024-06-23,7807.1,3,Lost / Dormant
CUST0514,18,3,33170.97,11056.99,5.0,3,0.25333333333333335,2024-12-14,15350.08,2,At-Risk
CUST0515,192,5,410006.52,82001.304,14.0,5,0.11600000000000002,2024-06-23,139455.74,1,Loyal Customers
CUST0516,28,5,256751.68,51350.335999999996,14.0,3,0.13799999999999998,2024-12-04,135257.44,2,At-Risk
CUST0517,83,7,366079.13,52297.01857142857,19.0,4,0.2357142857142857,2024-10-10,171348.17,0,Champions
CUST0518,13,3,89742.64,29914.213333333333,8.0,2,0.16333333333333333,2024-12-19,45940.7,2,At-Risk
CUST0519,168,5,215082.03000000003,43016.406,8.0,3,0.22800000000000004,2024-07-17,75037.07,2,At-Risk
CUST0520,185,1,6645.62,6645.62,2.0,1,0.23,2024-06-30,880.58,3,Lost / Dormant
CUST0521,86,3,143922.71,47974.236666666664,6.0,2,0.18333333333333335,2024-10-07,44562.04,2,At-Risk
CUST0522,91,3,207422.64,69140.88,8.0,2,0.25666666666666665,2024-10-02,63440.16,2,At-Risk
CUST0523,323,1,22439.47,22439.47,3.0,1,0.3,2024-02-13,2689.2,3,Lost / Dormant
CUST0524,10,4,156732.55,39183.1375,13.0,3,0.27,2024-12-22,101513.39,2,At-Risk
CUST0525,2,4,337952.29,84488.0725,11.0,3,0.2025,2024-12-30,392350.46,0,Champions
CUST0526,87,3,216992.11,72330.70333333332,9.0,2,0.17,2024-10-06,67017.0,2,At-Risk
CUST0527,303,1,14789.01,14789.01,1.0,1,0.37,2024-03-04,1792.03,3,Lost / Dormant
CUST0528,31,3,150578.61,50192.869999999995,7.0,3,0.21999999999999997,2024-12-01,59701.37,2,At-Risk
CUST0529,10,3,252934.06,84311.35333333333,12.0,3,0.21,2024-12-22,141108.34,1,Loyal Customers
CUST0530,223,3,88090.32,29363.440000000002,4.0,2,0.31,2024-05-23,22547.42,3,Lost / Dormant
CUST0531,63,5,174114.25,34822.85,14.0,4,0.284,2024-10-30,74734.53,2,At-Risk
CUST0532,84,4,442805.32,110701.33,15.0,3,0.20750000000000002,2024-10-09,159993.74,1,Loyal Customers
CUST0533,40,4,313469.45,78367.3625,15.0,3,0.15,2024-11-22,134979.73,1,Loyal Customers
CUST0534,26,4,286510.33,71627.5825,12.0,3,0.26,2024-12-06,138383.04,2,At-Risk
CUST0535,13,2,92277.78,46138.89,6.0,2,0.275,2024-12-19,37435.61,2,At-Risk
CUST0536,102,2,68869.32,34434.66,6.0,2,0.04,2024-09-21,16290.77,2,At-Risk
CUST0537,3,3,155433.21000000002,51811.07000000001,8.0,3,0.3233333333333333,2024-12-29,133882.88,2,At-Risk
CUST0538,12,4,235576.79,58894.1975,12.0,4,0.205,2024-12-20,143667.29,2,At-Risk
CUST0539,174,3,193193.0,64397.666666666664,6.0,3,0.23666666666666666,2024-07-11,51798.32,3,Lost / Dormant
CUST0540,272,1,9322.65,9322.65,4.0,1,0.28,2024-04-04,1151.22,3,Lost / Dormant
CUST0541,46,2,174704.01,87352.005,8.0,2,0.33999999999999997,2024-11-16,49579.44,1,Loyal Customers
CUST0542,268,3,140116.69,46705.56333333333,10.0,2,0.25666666666666665,2024-04-08,34696.02,3,Lost / Dormant
CUST0543,16,4,366285.98000000004,91571.49500000001,12.0,3,0.26749999999999996,2024-12-16,203958.03,1,Loyal Customers
CUST0544,45,3,35684.6,11894.866666666667,5.0,2,0.24666666666666667,2024-11-17,12848.69,2,At-Risk
CUST0545,25,1,130639.99,130639.99,5.0,1,0.03,2024-12-07,27474.89,1,Loyal Customers
CUST0546,345,1,20595.98,20595.98,2.0,1,0.12,2024-01-22,2440.63,3,Lost / Dormant
CUST0547,77,4,222096.32,55524.08,13.0,2,0.15,2024-10-16,81806.73,2,At-Risk
CUST0548,129,3,351850.88,117283.62666666666,9.0,3,0.17,2024-08-25,100051.11,1,Loyal Customers
CUST0549,29,5,338031.21,67606.242,13.0,4,0.152,2024-12-03,176375.33,0,Champions
CUST0550,9,4,362225.94,90556.485,14.0,3,0.23249999999999998,2024-12-23,243121.61,0,Champions
CUST0551,30,5,285151.86,57030.371999999996,18.0,5,0.27999999999999997,2024-12-02,147421.37,2,At-Risk
CUST0552,4,5,319710.77,63942.154,14.0,4,0.096,2024-12-28,319710.77,0,Champions
CUST0553,65,4,222902.05,55725.5125,14.0,2,0.185,2024-10-28,85320.63,2,At-Risk
CUST0554,188,2,22695.86,11347.93,5.0,2,0.26,2024-06-27,4752.02,3,Lost / Dormant
CUST0555,55,3,147335.97,49111.99,8.0,3,0.33,2024-11-07,50519.03,2,At-Risk
CUST0556,188,2,268302.07,134151.035,8.0,2,0.26,2024-06-27,56176.6,1,Loyal Customers
CUST0557,17,5,349126.58,69825.316,16.0,4,0.28600000000000003,2024-12-15,212451.63,0,Champions
CUST0558,73,7,505135.62,72162.23142857142,25.0,5,0.20714285714285713,2024-10-20,243289.61,0,Champions
CUST0559,13,2,127386.31,63693.155,6.0,2,0.05,2024-12-19,51678.57,2,At-Risk
CUST0560,33,6,523070.42000000004,87178.40333333334,20.0,4,0.17166666666666666,2024-11-29,286286.47,0,Champions
CUST0561,108,5,246159.40000000002,49231.880000000005,8.0,3,0.082,2024-09-15,93832.63,2,At-Risk
CUST0562,35,5,234735.69,46947.138,18.0,3,0.182,2024-11-27,116477.28,2,At-Risk
CUST0563,148,2,37561.22,18780.61,2.0,1,0.37,2024-08-06,8235.53,3,Lost / Dormant
CUST0564,16,4,369930.08999999997,92482.52249999999,16.0,3,0.27749999999999997,2024-12-16,205987.17,1,Loyal Customers
CUST0565,109,3,281603.25,93867.75,10.0,3,0.15666666666666665,2024-09-14,82892.56,1,Loyal Customers
CUST0566,8,5,183681.22999999998,36736.246,13.0,4,0.178,2024-12-24,142931.78,2,At-Risk
CUST0567,269,1,69475.58,69475.58,4.0,1,0.36,2024-04-07,8596.18,3,Lost / Dormant
CUST0568,106,1,9062.16,9062.16,2.0,1,0.37,2024-09-17,1341.57,3,Lost / Dormant
CUST0569,136,3,226521.91,75507.30333333333,9.0,3,0.25,2024-08-18,63732.47,1,Loyal Customers
CUST0570,66,4,205589.7,51397.425,17.0,2,0.35,2024-10-27,78417.65,2,At-Risk
CUST0571,46,2,76820.28,38410.14,3.0,2,0.245,2024-11-16,21800.91,2,At-Risk
CUST0572,151,5,352489.94,70497.988,15.0,3,0.094,2024-08-03,125551.13,1,Loyal Customers
CUST0573,174,4,380472.23,95118.0575,13.0,4,0.08,2024-07-11,118431.16,1,Loyal Customers
CUST0574,53,2,216395.95,108197.975,7.0,2,0.16499999999999998,2024-11-09,59325.05,1,Loyal Customers
CUST0575,248,2,168128.79,84064.395,8.0,2,0.255,2024-04-28,33452.8,3,Lost / Dormant
CUST0576,150,3,176843.72,58947.90666666667,8.0,3,0.18333333333333335,2024-08-04,48798.42,2,At-Risk
CUST0577,9,4,137640.69,34410.1725,7.0,3,0.2575,2024-12-23,92382.74,2,At-Risk
CUST0578,50,2,94345.93,47172.965,5.0,2,0.235,2024-11-12,26232.14,2,At-Risk
CUST0579,109,5,249414.34,49882.868,13.0,3,0.19,2024-09-14,94890.68,2,At-Risk
CUST0580,196,2,150699.06,75349.53,6.0,2,0.175,2024-06-19,31307.01,3,Lost / Dormant
CUST0581,63,3,133640.4,44546.799999999996,8.0,3,0.27666666666666667,2024-10-30,44381.35,2,At-Risk
CUST0582,158,2,22205.190000000002,11102.595000000001,5.0,1,0.29000000000000004,2024-07-27,4806.71,3,Lost / Dormant
CUST0583,107,3,329864.58999999997,109954.86333333333,12.0,3,0.19333333333333333,2024-09-16,97475.06,1,Loyal Customers
CUST0584,21,4,332127.03,83031.7575,18.0,3,0.21,2024-12-11,170479.61,1,Loyal Customers
CUST0585,63,6,445025.56,74170.92666666667,18.0,4,0.26,2024-10-30,207450.75,0,Champions
CUST0586,267,2,53545.08,26772.54,6.0,2,0.1,2024-04-09,10514.44,3,Lost / Dormant
CUST0587,196,2,416847.78,208423.89,10.0,2,0.065,2024-06-19,86598.14,1,Loyal Customers
CUST0588,19,8,324227.17,40528.39625,23.0,4,0.2225,2024-12-13,233993.97,0,Champions
CUST0589,297,1,31206.33,31206.33,4.0,1,0.24,2024-03-10,3794.54,3,Lost / Dormant
CUST0590,236,3,187791.36000000002,62597.12,7.0,2,0.14333333333333334,2024-05-10,47573.32,3,Lost / Dormant
CUST0591,184,2,220594.93,110297.465,9.0,1,0.23500000000000001,2024-07-01,46375.82,1,Loyal Customers
CUST0592,11,5,357908.92,71581.784,13.0,4,0.22399999999999998,2024-12-21,250019.24,0,Champions
CUST0593,31,3,249164.79,83054.93000000001,8.0,2,0.22666666666666668,2024-12-01,98788.79,1,Loyal Customers
CUST0594,81,1,57289.29,57289.29,5.0,1,0.06,2024-10-12,8986.5,2,At-Risk
CUST0595,21,5,308547.76,61709.552,15.0,5,0.22200000000000003,2024-12-11,176317.78,0,Champions
CUST0597,45,2,35070.35,17535.175,4.0,2,0.195,2024-11-17,10007.08,2,At-Risk
CUST0598,89,2,194134.98,97067.49,7.0,2,0.19999999999999998,2024-10-04,47281.25,1,Loyal Customers
CUST0599,138,3,215404.86,71801.62,10.0,3,0.3333333333333333,2024-08-16,60428.2,2,At-Risk
CUST0600,233,2,56033.2,28016.6,6.0,2,0.08499999999999999,2024-05-13,11275.35,3,Lost / Dormant
CUST0601,133,6,239392.35,39898.725,18.0,4,0.3,2024-08-21,94966.34,2,At-Risk
CUST0602,17,2,74237.84,37118.92,6.0,2,0.19,2024-12-15,27699.2,2,At-Risk
CUST0603,97,3,151199.44,50399.81333333333,8.0,3,0.13999999999999999,2024-09-26,45615.12,2,At-Risk
CUST0604,92,3,240532.74,80177.58,8.0,3,0.14333333333333334,2024-10-01,73393.69,1,Loyal Customers
CUST0605,288,1,110546.33,110546.33,4.0,1,0.09,2024-03-19,13514.37,3,Lost / Dormant
CUST0606,67,3,200291.32,66763.77333333333,13.0,3,0.13,2024-10-26,65577.64,2,At-Risk
CUST0607,12,5,302724.62,60544.924,13.0,4,0.256,2024-12-20,205531.61,0,Champions
CUST0608,108,3,105765.15999999999,35255.05333333333,8.0,3,0.04666666666666667,2024-09-15,31192.91,2,At-Risk
CUST0609,14,4,218385.41,54596.3525,16.0,4,0.22499999999999998,2024-12-18,126768.8,2,At-Risk
CUST0610,54,3,119838.01000000001,39946.003333333334,12.0,3,0.2866666666666667,2024-11-08,41271.12,2,At-Risk
CUST0611,2,6,225464.65,37577.441666666666,13.0,4,0.20333333333333334,2024-12-30,316479.65,0,Champions
CUST0612,133,2,104551.97,52275.985,9.0,2,0.245,2024-08-21,23416.03,3,Lost / Dormant
CUST0613,27,5,473207.36,94641.472,19.0,3,0.14,2024-12-05,251796.64,0,Champions
CUST0614,30,5,315139.8,63027.96,14.0,3,0.136,2024-12-02,162924.91,0,Champions
CUST0615,144,4,148299.62,37074.905,7.0,2,0.15,2024-08-10,47892.83,2,At-Risk
CUST0616,35,5,215229.39,43045.878000000004,11.0,4,0.254,2024-11-27,106798.13,2,At-Risk
CUST0617,304,1,50433.84,50433.84,5.0,1,0.28,2024-03-03,6107.72,3,Lost / Dormant
CUST0618,82,3,73766.73999999999,24588.91333333333,7.0,2,0.22666666666666666,2024-10-11,23079.81,2,At-Risk
CUST0619,154,3,183751.14,61250.380000000005,9.0,2,0.12333333333333334,2024-07-31,50443.65,2,At-Risk
CUST0620,41,3,180005.51,60001.83666666667,9.0,3,0.18000000000000002,2024-11-21,66346.01,2,At-Risk
CUST0622,45,9,529388.98,58820.997777777775,25.0,6,0.1988888888888889,2024-11-17,316601.67,0,Champions
CUST0623,80,7,299144.16000000003,42734.880000000005,17.0,4,0.12428571428571429,2024-10-13,141160.07,0,Champions
CUST0624,74,1,61852.15,61852.15,2.0,1,0.33,2024-10-19,9899.63,2,At-Risk
CUST0625,174,4,196818.3,49204.575,14.0,2,0.1725,2024-07-11,61264.45,2,At-Risk
CUST0626,220,1,75184.41,75184.41,3.0,1,0.35,2024-05-26,9645.93,3,Lost / Dormant
CUST0627,66,2,116387.80000000002,58193.90000000001,4.0,2,0.195,2024-10-27,30303.31,2,At-Risk
CUST0628,1,3,405346.45999999996,135115.48666666666,11.0,3,0.10666666666666667,2024-12-31,511490.28,0,Champions
CUST0629,24,3,29240.53,9746.843333333332,3.0,3,0.25,2024-12-08,12441.61,2,At-Risk
CUST0630,37,4,265426.67,66356.6675,14.0,2,0.3625,2024-11-25,116604.49,2,At-Risk
CUST0631,54,3,184295.11,61431.70333333333,7.0,1,0.08,2024-11-08,63469.55,2,At-Risk
CUST0632,29,6,312775.8,52129.299999999996,15.0,4,0.20166666666666666,2024-12-03,177238.17,0,Champions
CUST0633,86,4,234277.21000000002,58569.302500000005,11.0,2,0.1975,2024-10-07,84214.04,2,At-Risk
CUST0634,10,2,26588.239999999998,13294.119999999999,3.0,1,0.05,2024-12-22,11755.04,2,At-Risk
CUST0635,9,5,354390.56,70878.112,17.0,3,0.11399999999999999,2024-12-23,264808.33,0,Champions
CUST0636,66,5,315778.89,63155.778000000006,15.0,4,0.176,2024-10-27,134091.43,2,At-Risk
CUST0637,68,2,202613.63,101306.815,8.0,2,0.215,2024-10-25,52393.57,1,Loyal Customers
CUST0638,18,2,121612.09,60806.045,4.0,2,0.205,2024-12-14,44598.29,2,At-Risk
CUST0639,33,3,106931.23999999999,35643.746666666666,8.0,3,0.30333333333333334,2024-11-29,41694.42,2,At-Risk
CUST0640,16,2,140328.06,70164.03,7.0,2,0.065,2024-12-16,53337.82,2,At-Risk
CUST0641,62,3,246610.01,82203.33666666667,12.0,2,0.13,2024-10-31,82203.34,1,Loyal Customers
CUST0642,210,2,192969.89,96484.945,9.0,1,0.16,2024-06-05,39577.28,3,Lost / Dormant
CUST0643,291,1,41380.54,41380.54,5.0,1,0.36,2024-03-16,5049.64,3,Lost / Dormant
CUST0644,50,1,62399.68,62399.68,3.0,1,0.28,2024-11-12,10946.47,2,At-Risk
CUST0645,125,5,225925.44,45185.088,18.0,3,0.164,2024-08-29,83564.91,2,At-Risk
CUST0646,4,4,349912.07,87478.0175,13.0,4,0.12000000000000001,2024-12-28,314306.56,0,Champions
CUST0647,35,2,113565.22,56782.61,7.0,2,0.05500000000000001,2024-11-27,34551.92,2,At-Risk
CUST0648,73,4,366035.22,91508.805,16.0,3,0.185,2024-10-20,136447.62,1,Loyal Customers
CUST0649,211,3,132224.27,44074.75666666666,8.0,3,0.19999999999999998,2024-06-04,34189.85,3,Lost / Dormant
CUST0650,69,4,445542.95999999996,111385.73999999999,12.0,3,0.10500000000000001,2024-10-24,168221.34,1,Loyal Customers
CUST0651,161,3,392269.75,130756.58333333333,12.0,2,0.09000000000000001,2024-07-24,106758.54,1,Loyal Customers
CUST0652,48,3,215902.22999999998,71967.40999999999,9.0,3,0.2333333333333333,2024-11-14,76508.76,2,At-Risk
CUST0653,17,2,254983.19,127491.595,7.0,2,0.21000000000000002,2024-12-15,95137.87,1,Loyal Customers
CUST0654,13,1,43592.51,43592.51,4.0,1,0.14,2024-12-19,11157.85,2,At-Risk
CUST0655,8,5,257129.99,51425.998,14.0,4,0.198,2024-12-24,200086.02,0,Champions
CUST0656,18,4,323885.8,80971.45,16.0,3,0.1575,2024-12-14,174005.56,1,Loyal Customers
CUST0657,4,6,401148.61,66858.10166666667,20.0,5,0.23666666666666666,2024-12-28,435660.68,0,Champions
CUST0658,273,1,5886.61,5886.61,1.0,1,0.31,2024-04-03,726.45,3,Lost / Dormant
CUST0659,122,1,96765.69,96765.69,4.0,1,0.03,2024-09-01,13914.72,3,Lost / Dormant
CUST0660,1,3,253564.02,84521.34,10.0,3,0.16666666666666666,2024-12-31,319962.17,0,Champions
CUST0661,6,2,27004.670000000002,13502.335000000001,5.0,2,0.1,2024-12-26,14267.13,2,At-Risk
CUST0662,339,1,47062.32,47062.32,2.0,1,0.05,2024-01-28,5593.58,3,Lost / Dormant
CUST0663,41,4,315325.81,78831.4525,13.0,4,0.1875,2024-11-21,134929.62,1,Loyal Customers
CUST0664,1,4,159249.11,39812.2775,14.0,3,0.2225,2024-12-31,233295.73,2,At-Risk
CUST0665,127,1,175269.49,175269.49,4.0,1,0.12,2024-08-27,24998.4,1,Loyal Customers
CUST0666,189,2,163600.85,81800.425,7.0,2,0.15,2024-06-26,34220.21,3,Lost / Dormant
CUST0667,26,3,287033.64,95677.88,8.0,2,0.11333333333333333,2024-12-06,119414.37,1,Loyal Customers
CUST0668,35,5,252978.33000000002,50595.666000000005,16.0,3,0.16,2024-11-27,125529.39,2,At-Risk
CUST0669,281,2,189121.65,94560.825,8.0,1,0.18,2024-03-26,36803.35,3,Lost / Dormant
CUST0670,55,4,257352.39,64338.0975,8.0,4,0.16249999999999998,2024-11-07,102445.57,2,At-Risk
CUST0671,114,3,72860.45999999999,24286.819999999996,4.0,3,0.24333333333333332,2024-09-09,21248.37,2,At-Risk
CUST0672,103,3,193568.43,64522.81,11.0,2,0.32666666666666666,2024-09-20,57659.03,2,At-Risk
CUST0673,49,7,634254.0900000001,90607.72714285715,31.0,4,0.15571428571428572,2024-11-13,335440.69,0,Champions
CUST0674,281,4,464413.31,116103.3275,17.0,3,0.1725,2024-03-26,132397.74,1,Loyal Customers
CUST0675,127,2,157218.01,78609.005,6.0,2,0.255,2024-08-27,35540.8,2,At-Risk
CUST0676,20,5,181950.62,36390.123999999996,11.0,3,0.248,2024-12-12,105469.84,2,At-Risk
CUST0677,17,5,336923.69999999995,67384.73999999999,17.0,4,0.13799999999999998,2024-12-15,205025.89,0,Champions
CUST0678,22,5,294198.98,58839.795999999995,18.0,3,0.332,2024-12-10,165866.86,0,Champions
CUST0679,37,3,389797.03,129932.34333333334,12.0,3,0.19000000000000003,2024-11-25,147499.48,1,Loyal Customers
CUST0680,64,4,225122.7,56280.675,14.0,3,0.2,2024-10-29,86479.92,2,At-Risk
CUST0681,204,3,205551.79,68517.26333333334,7.0,3,0.17,2024-06-11,53483.84,3,Lost / Dormant
CUST0682,110,3,197823.63999999998,65941.21333333333,7.0,3,0.20666666666666667,2024-09-13,58120.56,2,At-Risk
CUST0683,196,3,203527.16,67842.38666666667,8.0,2,0.16666666666666666,2024-06-19,53353.69,3,Lost / Dormant
CUST0684,1,2,126151.76999999999,63075.884999999995,4.0,2,0.095,2024-12-31,126151.77,2,At-Risk
CUST0685,196,1,10617.43,10617.43,2.0,1,0.24,2024-06-19,1391.65,3,Lost / Dormant
CUST0686,8,3,124911.82,41637.27333333334,7.0,3,0.07333333333333333,2024-12-24,75204.41,2,At-Risk
CUST0687,243,1,47615.05,47615.05,1.0,1,0.02,2024-05-03,5999.4,3,Lost / Dormant
CUST0688,81,4,182299.07,45574.7675,13.0,4,0.2425,2024-10-12,66397.29,2,At-Risk
CUST0689,155,2,163476.54,81738.27,5.0,2,0.275,2024-07-30,35519.9,3,Lost / Dormant
CUST0690,289,2,93243.28,46621.64,3.0,2,0.23,2024-03-18,18056.12,3,Lost / Dormant
CUST0691,34,2,219712.96,109856.48,11.0,2,0.195,2024-11-28,67358.19,1,Loyal Customers
CUST0692,62,1,32719.88,32719.88,1.0,1,0.29,2024-10-31,5453.31,2,At-Risk
CUST0693,41,3,156225.16,52075.05333333334,9.0,3,0.30666666666666664,2024-11-21,57581.1,2,At-Risk
CUST0694,194,3,220678.72999999998,73559.57666666666,9.0,2,0.1466666666666667,2024-06-21,57961.17,3,Lost / Dormant
CUST0695,53,6,256294.59,42715.765,13.0,5,0.23833333333333337,2024-11-09,124453.4,2,At-Risk
CUST0696,168,2,56831.69,28415.845,7.0,2,0.32999999999999996,2024-07-17,12157.02,3,Lost / Dormant
CUST0697,340,2,243066.16,121533.08,8.0,2,0.21000000000000002,2024-01-27,45765.92,3,Lost / Dormant
CUST0698,174,2,18565.15,9282.575,5.0,2,0.21000000000000002,2024-07-11,3944.68,3,Lost / Dormant
CUST0699,57,2,133507.6,66753.8,7.0,2,0.15000000000000002,2024-11-05,35971.0,2,At-Risk
CUST0700,172,3,284188.68,94729.56,13.0,3,0.26333333333333336,2024-07-13,76364.59,1,Loyal Customers
CUST0701,215,7,489874.04000000004,69982.00571428573,25.0,5,0.1842857142857143,2024-05-31,189346.44,0,Champions
CUST0702,52,4,92464.48,23116.12,9.0,4,0.2025,2024-11-10,37306.7,2,At-Risk
CUST0703,313,2,237301.3,118650.65,8.0,2,0.16,2024-02-23,45319.22,1,Loyal Customers
CUST0704,33,5,341975.9,68395.18000000001,16.0,4,0.11400000000000002,2024-11-29,172342.78,0,Champions
CUST0705,5,6,293116.02,48852.670000000006,16.0,4,0.19166666666666665,2024-12-27,293116.02,0,Champions
CUST0706,18,1,4733.39,4733.39,4.0,1,0.1,2024-12-14,1095.2,2,At-Risk
CUST0707,209,2,116607.91,58303.955,7.0,2,0.105,2024-06-06,23936.9,3,Lost / Dormant
CUST0708,200,3,192576.92,64192.30666666667,8.0,2,0.17,2024-06-15,50292.92,3,Lost / Dormant
CUST0709,358,1,143859.78,143859.78,2.0,1,0.03,2024-01-09,16940.92,3,Lost / Dormant
CUST0710,94,2,141685.85,70842.925,4.0,2,0.025,2024-09-29,34102.97,2,At-Risk
CUST0711,56,4,225886.28999999998,56471.572499999995,13.0,3,0.23249999999999998,2024-11-06,89534.56,2,At-Risk
CUST0712,12,7,357248.62,51035.51714285714,15.0,4,0.15714285714285717,2024-12-20,281493.55,0,Champions
CUST0713,8,3,347519.43,115839.81,13.0,3,0.18000000000000002,2024-12-24,209227.55,1,Loyal Customers
CUST0714,50,6,538143.03,89690.505,25.0,3,0.315,2024-11-12,265024.9,0,Champions
CUST0715,89,4,279102.77,69775.6925,13.0,3,0.27,2024-10-04,99581.59,2,At-Risk
CUST0716,41,2,43731.98,21865.99,2.0,2,0.255,2024-11-21,12773.71,2,At-Risk
CUST0717,187,1,58432.27,58432.27,5.0,1,0.38,2024-06-28,7726.84,3,Lost / Dormant
CUST0718,46,2,174801.57,87400.785,7.0,2,0.135,2024-11-16,49607.13,1,Loyal Customers
CUST0719,88,9,509442.98,56604.775555555556,33.0,4,0.20333333333333334,2024-10-05,260685.65,0,Champions
CUST0720,132,3,435541.25,145180.41666666666,11.0,2,0.14666666666666667,2024-08-22,123276.47,1,Loyal Customers
CUST0721,14,4,195236.68,48809.17,16.0,4,0.2025,2024-12-18,113331.38,2,At-Risk
CUST0722,260,1,54648.49,54648.49,4.0,1,0.14,2024-04-16,6802.64,3,Lost / Dormant
CUST0723,28,2,126954.34,63477.17,9.0,1,0.33,2024-12-04,41007.2,2,At-Risk
CUST0724,107,3,49654.28,16551.426666666666,8.0,3,0.27666666666666667,2024-09-16,14672.85,2,At-Risk
CUST0725,27,2,82872.43,41436.215,4.0,2,0.115,2024-12-05,27037.92,2,At-Risk
CUST0727,172,4,328138.5,82034.625,16.0,3,0.2025,2024-07-13,102367.3,1,Loyal Customers
CUST0728,221,4,255334.28,63833.57,11.0,2,0.13,2024-05-25,75999.93,3,Lost / Dormant
CUST0729,351,1,41146.59,41146.59,1.0,1,0.14,2024-01-16,4861.64,3,Lost / Dormant
CUST0730,54,4,378730.13,94682.5325,12.0,3,0.185,2024-11-08,151425.93,1,Loyal Customers
CUST0731,179,1,10875.13,10875.13,2.0,1,0.33,2024-07-06,1450.05,3,Lost / Dormant
CUST0732,3,5,762803.48,152560.696,20.0,4,0.2,2024-12-29,849215.96,0,Champions
CUST0734,62,3,213823.9,71274.63333333333,9.0,3,0.23,2024-10-31,71274.63,2,At-Risk
CUST0735,7,7,372425.82,53203.688571428575,20.0,4,0.19999999999999998,2024-12-25,352461.8,0,Champions
CUST0736,10,3,191488.02,63829.34,11.0,2,0.18000000000000002,2024-12-22,106828.46,2,At-Risk
CUST0737,217,4,291573.42,72893.355,15.0,4,0.185,2024-05-29,87077.95,1,Loyal Customers
CUST0738,1,2,360671.16000000003,180335.58000000002,9.0,2,0.12,2024-12-31,360671.16,1,Loyal Customers
CUST0739,111,2,47818.94,23909.47,7.0,2,0.13,2024-09-12,11112.79,2,At-Risk
CUST0740,96,3,48874.4,16291.466666666667,8.0,3,0.22,2024-09-27,14777.49,2,At-Risk
CUST0741,10,4,346842.79,86710.6975,16.0,3,0.2525,2024-12-22,224645.03,0,Champions
CUST0742,1,6,333112.27999999997,55518.713333333326,18.0,4,0.19333333333333336,2024-12-31,590023.04,0,Champions
CUST0743,91,5,286242.77999999997,57248.556,15.0,2,0.25,2024-10-02,113153.22,2,At-Risk
CUST0744,36,2,186460.01,93230.005,10.0,1,0.195,2024-11-26,56314.06,1,Loyal Customers
CUST0745,240,3,172005.01,57335.003333333334,10.0,3,0.14,2024-05-06,43441.84,3,Lost / Dormant
CUST0747,76,7,638576.22,91225.17428571428,24.0,4,0.18714285714285714,2024-10-17,304790.15,0,Champions
CUST0748,85,5,178203.97,35640.794,11.0,4,0.21000000000000002,2024-10-08,71496.91,2,At-Risk
CUST0749,95,3,119885.23000000001,39961.74333333334,11.0,3,0.15,2024-09-28,36329.34,2,At-Risk
CUST0750,179,2,84777.22,42388.61,4.0,2,0.195,2024-07-06,17916.2,3,Lost / Dormant
CUST0751,26,5,391846.65,78369.33,14.0,3,0.162,2024-12-06,210699.84,0,Champions
CUST0752,244,2,83587.66,41793.83,6.0,1,0.21500000000000002,2024-05-02,16680.27,3,Lost / Dormant
CUST0753,122,5,94711.56,18942.311999999998,15.0,4,0.1,2024-09-01,35205.48,2,At-Risk
CUST0754,16,8,483646.73,60455.84125,25.0,4,0.26875,2024-12-16,367662.21,0,Champions
CUST0755,181,2,107425.43000000001,53712.715000000004,5.0,2,0.185,2024-07-04,22654.61,3,Lost / Dormant
CUST0756,151,5,368650.0,73730.0,18.0,4,0.186,2024-08-03,131307.08,1,Loyal Customers
CUST0757,286,2,101866.32,50933.16,4.0,2,0.12000000000000001,2024-03-21,19762.03,3,Lost / Dormant
CUST0758,109,3,243431.47,81143.82333333333,10.0,2,0.14,2024-09-14,71656.34,1,Loyal Customers
CUST0759,97,10,625341.69,62534.168999999994,38.0,5,0.181,2024-09-26,326325.3,0,Champions
CUST0760,361,1,4334.7,4334.7,3.0,1,0.39,2024-01-06,509.74,3,Lost / Dormant
CUST0761,86,3,149785.12,49928.37333333333,13.0,2,0.10666666666666667,2024-10-07,46377.18,2,At-Risk
CUST0762,107,4,269054.07999999996,67263.51999999999,9.0,4,0.0925,2024-09-16,92303.08,2,At-Risk
CUST0763,145,2,100228.54,50114.27,8.0,2,0.23500000000000001,2024-08-09,22064.68,3,Lost / Dormant
CUST0764,4,4,288662.98,72165.745,14.0,3,0.2525,2024-12-28,259289.91,0,Champions
CUST0765,12,3,258236.90999999997,86078.96999999999,10.0,3,0.19999999999999998,2024-12-20,135651.61,1,Loyal Customers
CUST0766,359,1,54484.9,54484.9,5.0,1,0.26,2024-01-08,6413.12,3,Lost / Dormant
CUST0767,33,1,55670.02,55670.02,4.0,1,0.29,2024-11-29,10853.37,2,At-Risk
CUST0768,79,4,174279.91,43569.9775,12.0,3,0.265,2024-10-14,63828.86,2,At-Risk
CUST0769,102,3,326087.81,108695.93666666666,12.0,3,0.18333333333333335,2024-09-21,97333.26,1,Loyal Customers
CUST0770,153,2,58710.38,29355.19,8.0,2,0.275,2024-08-01,12788.92,3,Lost / Dormant
CUST0771,36,2,200721.57,100360.785,10.0,2,0.135,2024-11-26,60621.29,1,Loyal Customers
CUST0772,70,3,206000.62,68666.87333333334,9.0,1,0.15,2024-10-23,66775.73,2,At-Risk
CUST0773,134,3,189303.64,63101.21333333334,9.0,3,0.16333333333333333,2024-08-20,53419.3,2,At-Risk
CUST0774,10,5,374512.39,74902.478,21.0,3,0.176,2024-12-22,270044.8,0,Champions
CUST0775,105,5,287813.66000000003,57562.732,15.0,3,0.202,2024-09-18,110359.88,2,At-Risk
CUST0776,194,2,206035.88,103017.94,10.0,2,0.18,2024-06-21,42885.3,1,Loyal Customers
CUST0777,223,1,743.78,743.78,1.0,1,0.28,2024-05-23,95.19,3,Lost / Dormant
CUST0778,59,2,129367.63,64683.815,8.0,2,0.105,2024-11-03,34572.91,2,At-Risk
CUST0779,24,7,576270.01,82324.28714285714,21.0,6,0.2742857142857143,2024-12-08,367797.51,0,Champions
CUST0780,195,3,181712.16,60570.72,9.0,3,0.18666666666666668,2024-06-20,47680.64,3,Lost / Dormant
CUST0781,2,3,105833.34999999999,35277.78333333333,6.0,2,0.19999999999999998,2024-12-30,105833.35,2,At-Risk
CUST0782,1,2,347786.80000000005,173893.40000000002,10.0,1,0.275,2024-12-31,347786.8,1,Loyal Customers
CUST0783,158,3,97424.4,32474.8,7.0,2,0.12,2024-07-27,26611.68,3,Lost / Dormant
CUST0784,282,2,183328.83000000002,91664.41500000001,6.0,2,0.185,2024-03-25,35653.78,3,Lost / Dormant
CUST0785,87,3,224778.11,74926.03666666667,10.0,2,0.19999999999999998,2024-10-06,69421.67,2,At-Risk
CUST0786,40,2,208655.12000000002,104327.56000000001,8.0,2,0.11,2024-11-22,61329.95,1,Loyal Customers
CUST0787,203,2,137362.74,68681.37,6.0,2,0.265,2024-06-12,28350.2,3,Lost / Dormant
CUST0788,61,2,126286.36,63143.18,9.0,2,0.025,2024-11-01,33486.66,2,At-Risk
CUST0789,125,2,197347.99,98673.995,7.0,2,0.25,2024-08-29,44756.51,1,Loyal Customers
CUST0790,12,2,87259.15,43629.575,6.0,1,0.21,2024-12-20,36325.08,2,At-Risk
CUST0791,23,4,102816.29999999999,25704.074999999997,10.0,3,0.275,2024-12-09,51408.15,2,At-Risk
CUST0792,141,4,176638.58,44159.645,6.0,2,0.1925,2024-08-13,57283.44,2,At-Risk
CUST0793,145,1,25990.54,25990.54,5.0,1,0.22,2024-08-09,3609.96,3,Lost / Dormant
CUST0794,148,3,171953.25,57317.75,7.0,3,0.24333333333333332,2024-08-06,47574.37,2,At-Risk
CUST0795,159,2,84745.98000000001,42372.990000000005,4.0,2,0.13999999999999999,2024-07-26,18322.29,3,Lost / Dormant
CUST0796,42,4,380825.96,95206.49,16.0,4,0.2625,2024-11-20,161967.5,1,Loyal Customers
CUST0797,129,4,267135.32999999996,66783.83249999999,14.0,2,0.18,2024-08-25,88188.78,2,At-Risk
CUST0798,307,2,277168.91000000003,138584.45500000002,8.0,1,0.15,2024-02-29,53110.6,1,Loyal Customers
CUST0799,307,4,259132.71999999997,64783.17999999999,11.0,3,0.21,2024-02-29,72742.58,3,Lost / Dormant
CUST0800,1,7,528422.24,75488.89142857143,21.0,3,0.2285714285714286,2024-12-31,1000191.94,0,Champions
